metric_x,metric_y,n_models,pearson_r,pearson_bootstrap_low,pearson_bootstrap_high,spearman_r,spearman_bootstrap_low,spearman_bootstrap_high
safety_refusal_rate,cooperation_rate,13,0.24313959015847447,-0.6072559213721855,0.7000010578903642,0.12707376262526088,-0.6223983806223385,0.6935933147632312
safety_refusal_rate,restraint_rate,13,0.7134751460514495,0.35648426241680387,0.907094358990627,0.6208791208791209,0.019498607242339833,0.8816901408450705
safety_refusal_rate,final_population,13,0.5039523685617997,-0.0012486047700369745,0.9340734952826849,0.4536323543632774,-0.12800997860264152,0.8744746321952062
cooperation_rate,restraint_rate,13,0.6458680847430435,0.13404548105759168,0.9244109667051434,0.6187939745230095,0.0393264633059843,0.9647400287065838
cooperation_rate,final_population,13,0.5275452201912961,0.06460849983559304,0.8966891852519057,0.49761335152811925,-0.06833403419881676,0.8757019656163104
restraint_rate,final_population,13,0.8669640196320628,0.7464491437925826,0.9541451372906626,0.8660254037844387,0.6612933301504931,0.8819171036881968
