metric_x,metric_y,n_models,pearson_r,pearson_bootstrap_low,pearson_bootstrap_high,spearman_r,spearman_bootstrap_low,spearman_bootstrap_high
safety_refusal_rate,cooperation_rate,13,0.24313959015847447,-0.6072559213721855,0.7000010578903642,0.12707376262526088,-0.6223983806223385,0.6935933147632312
safety_refusal_rate,restraint_rate,13,0.7680928767293607,0.5091546776811182,0.904032630921935,0.5714285714285714,-0.08635097493036212,0.8233618233618234
safety_refusal_rate,final_population,13,0.5139052317243475,0.016698691258061376,0.9340734952826849,0.5349506156386412,-0.08263205859342193,0.8757019656163104
cooperation_rate,restraint_rate,13,0.3443273489586334,-0.2463086162320289,0.9412019775014778,0.3701713954735861,-0.3672316384180791,0.9957536963169223
cooperation_rate,final_population,13,0.528259850932597,0.06447973316316645,0.9024571145009107,0.4733646312031287,-0.12890889208355807,0.9133836340341052
restraint_rate,final_population,13,0.8524595249355336,0.6820200739991086,0.9808716055372824,0.8987170342729172,0.7436885273407974,0.9454389184941309
